{"cameraMode":{"drawMode":0,"name":"Shaded","section":"Shading Mode"},"sceneLighting":false,"audioPlay":false,"sceneViewState":{"showFog":true,"showMaterialUpdate":false,"showSkybox":false,"showFlares":true,"showImageEffects":true,"showParticleSystems":true},"in2DMode":false,"pivot":{"x":0.04240715503692627,"y":0.6407947540283203,"z":2.205690860748291},"rotation":{"x":0.11832304298877716,"y":0.6483245491981506,"z":-0.10296381264925003,"w":0.745033860206604},"size":0.6807265877723694,"orthographic":true}