{"cameraMode":{"drawMode":0,"name":"Shaded","section":"Shading Mode"},"sceneLighting":true,"audioPlay":false,"sceneViewState":{"showFog":true,"showMaterialUpdate":false,"showSkybox":true,"showFlares":true,"showImageEffects":true,"showParticleSystems":true},"in2DMode":false,"pivot":{"x":4.272609710693359,"y":-2.7555980682373049,"z":7.345747947692871},"rotation":{"x":0.3246653378009796,"y":-0.6152912378311157,"z":0.3077707886695862,"w":0.6490685939788818},"size":14.674882888793946,"orthographic":false}