{"cameraMode":{"drawMode":0,"name":"Shaded","section":"Shading Mode"},"sceneLighting":false,"audioPlay":false,"sceneViewState":{"showFog":true,"showMaterialUpdate":false,"showSkybox":false,"showFlares":true,"showImageEffects":true,"showParticleSystems":true},"in2DMode":false,"pivot":{"x":-0.09952425956726074,"y":2.55471134185791,"z":-0.16707533597946168},"rotation":{"x":-0.09286002069711685,"y":-0.8402929306030273,"z":0.1523749679327011,"w":-0.5119564533233643},"size":1.2247449159622193,"orthographic":false}